# class	offset	name	votes	accessors
Walaber::AnimationManager	24	isCurrentAnimationPlaying	1	isCurrentAnimationPlaying
Walaber::Bone	128	skeleton	1	setSkeleton
Walaber::Camera	136	isAnimating	1	isAnimating
Walaber::CameraController	0	isAnimating	1	isAnimating
Walaber::DrawableNode	128	layer	1	setLayer
Walaber::Node	84	localPosition	1	setLocalPosition
Walaber::Node	92	localScale	1	setLocalScale
Walaber::Node	116	localAngle	1	setLocalAngle
Walaber::Node	124	worldPosition	1	getWorldPosition
Walaber::Node	125	worldScale	1	getWorldScale
Walaber::Node	126	worldAngle	1	getWorldAngle
Walaber::NodeAnimationTrack	88	animation	1	setAnimation
Walaber::NumericAnimationTrack	32	animation	1	setAnimation
Walaber::ParticleSet	0	particleSize	1	getParticleSize
Walaber::Property	0	value	1	setValue
Walaber::Skeleton	144	bindPoseDataForBone	1	getBindPoseDataForBone
Walaber::SoundEffectInstance	24	playbackPosition	1	getPlaybackPosition
Walaber::SoundEffectInstance	72	state	1	getState
Walaber::SoundManager	104	liveTracksInGroup	1	getLiveTracksInGroup
Walaber::SoundManager	240	currentMusicTrack	1	getCurrentMusicTrack
Walaber::SpriteBatch	72	drawAction	1	_getDrawAction
Walaber::Subtexture	224	isTextureParent	1	isTextureParent
Walaber::Texture	0	data	1	getData
Walaber::Texture2D	228	data	1	_getData
Walaber::TextureManager	0	textureFileName	1	getTextureFileName
Walaber::Widget	136	angle	1	_getAngle
Walaber::Widget	141	enabled	1	setEnabled
Walaber::Widget	144	baseSize	1	setBaseSize
Walaber::Widget	200	widgetMgr	1	setWidgetMgr
Walaber::WidgetManager	0	boundingArea	1	getBoundingArea
Walaber::WidgetManager	72	customizeMode	1	setCustomizeMode
Walaber::Widget_ClassicControls	256	mainFingerPos	1	getMainFingerPos
Walaber::Widget_FingerCatcher	288	lostFingerPosition	1	getLostFingerPosition
Walaber::Widget_Label	288	tileOffset	1	setTileOffset
Walaber::Widget_Label	312	tileAnimation	1	setTileAnimation
Walaber::Widget_NumberSpinner	504	visibleCellCount	1	setVisibleCellCount
Walaber::Widget_ProgressBar	352	value	1	getValue
Walaber::Widget_PushButton	320	tile	1	setTile
Walaber::Widget_PushButton	328	tileAnimation	1	setTileAnimation
Walaber::Widget_ScrollableCamera	268	currentIndex	1	getCurrentIndex
Walaber::Widget_ScrollableCamera	272	currentIndexPercentage	1	getCurrentIndexPercentage
Walaber::Widget_ScrollableGroup	272	group	1	setGroup
Walaber::Widget_ScrollableGroup	344	directionMask	1	setDirectionMask
Walaber::Widget_ScrollableSet	268	currentIndex	1	getCurrentIndex
Walaber::Widget_ScrollableSet	288	distanceBetween	1	setDistanceBetween
Walaber::Widget_ScrollableSet	376	camera	1	setCamera
Walaber::Widget_ScrollableSet	384	cameraMode	2	getCameraMode,setCameraMode
Walaber::Widget_Slider	328	handleSize	1	setHandleSize
Walaber::Widget_Slider	344	stepSize	1	setStepSize
Walaber::ZipArchiveReader	8	filenames	1	getFilenames
Walaber::ZipArchiveReader	88	currentFileSize	1	getCurrentFileSize
WaterConcept::Collectible	376	spriteWorldSize	1	getSpriteWorldSize
WaterConcept::Collectible	1001	isGhost	1	isGhost
WaterConcept::Fluids	0	particlesForFluid	1	getParticlesForFluid
WaterConcept::GameState	138	isSecondaryGameWon	1	isSecondaryGameWon
WaterConcept::GameState	139	isSecondaryGameOver	1	isSecondaryGameOver
WaterConcept::Screen_Editor	252	isVisiblePlatinumType	1	_isVisiblePlatinumType
WaterConcept::Screen_MainMenu_v2	224	subscreenIDForCurrentIndex	1	_getSubscreenIDForCurrentIndex
WaterConcept::Screen_MainMenu_v2	688	transitionOffset	1	getTransitionOffset
WaterConcept::Screen_Popup	16	stageTranslation	1	getStageTranslation
WaterConcept::Screen_PuppetShow	876	focused	1	setFocused
WaterConcept::Screen_WaterTest	613	isDrawPause	1	setIsDrawPause
WaterConcept::ShowerCurtain	20	lightingForVert	1	_getLightingForVert
WaterConcept::Spout	1022	isLowTouchPriority	1	isLowTouchPriority
WaterConcept::World	0	materialForPosition	1	getMaterialForPosition
WaterConcept::World	1088	hasOrCanProduce	1	hasOrCanProduce
ndk::ApplicationContext	24	activity	1	setActivity
ndk::ApplicationContext	204	displayDensity	1	setDisplayDensity
