#	address	ghidra_name
0x161a50	FUN_00161a50
0x161a60	FUN_00161a60
0x161ab0	FUN_00161ab0
0x161af0	FUN_00161af0
0x161b50	FUN_00161b50
0x161c80	FUN_00161c80
0x161cb0	FUN_00161cb0
0x161ce0	FUN_00161ce0
0x161d00	FUN_00161d00
0x161dc0	FUN_00161dc0
0x161dd0	FUN_00161dd0
0x161ec0	FUN_00161ec0
0x161f60	FUN_00161f60
0x161f80	FUN_00161f80
0x162000	FUN_00162000
0x162070	FUN_00162070
0x162090	FUN_00162090
0x1621c0	FUN_001621c0
0x1621f0	FUN_001621f0
0x1622e0	FUN_001622e0
0x162420	FUN_00162420
0x162450	FUN_00162450
0x1624a0	FUN_001624a0
0x1624c0	FUN_001624c0
0x162590	FUN_00162590
0x162690	FUN_00162690
0x1626e0	FUN_001626e0
0x162740	FUN_00162740
0x162790	FUN_00162790
0x1627d0	FUN_001627d0
0x162870	FUN_00162870
0x162880	FUN_00162880
0x162900	FUN_00162900
0x162990	FUN_00162990
0x162a80	FUN_00162a80
0x162a90	FUN_00162a90
0x162ba0	FUN_00162ba0
0x162bc0	FUN_00162bc0
0x162be0	FUN_00162be0
0x162ca0	FUN_00162ca0
0x162d90	FUN_00162d90
0x162e90	FUN_00162e90
0x162ea0	FUN_00162ea0
0x162eb0	FUN_00162eb0
0x162ec0	FUN_00162ec0
0x162fa0	FUN_00162fa0
0x163040	FUN_00163040
0x1630f0	FUN_001630f0
0x163190	FUN_00163190
0x1631e0	FUN_001631e0
0x163220	FUN_00163220
0x163250	FUN_00163250
0x1632c0	FUN_001632c0
0x1632e0	FUN_001632e0
0x163360	FUN_00163360
0x1633d0	FUN_001633d0
0x163400	FUN_00163400
0x163650	FUN_00163650
0x1636c0	FUN_001636c0
0x163760	FUN_00163760
0x1637b0	FUN_001637b0
0x163800	FUN_00163800
0x1638c0	FUN_001638c0
0x1639b0	FUN_001639b0
0x1639e0	FUN_001639e0
0x1639f0	FUN_001639f0
0x163ab0	FUN_00163ab0
0x163ae0	FUN_00163ae0
0x163b90	FUN_00163b90
0x163bc0	FUN_00163bc0
0x163bf0	FUN_00163bf0
0x163c00	FUN_00163c00
0x163c10	FUN_00163c10
0x163c70	FUN_00163c70
0x163c90	FUN_00163c90
0x163cf0	FUN_00163cf0
0x163d30	FUN_00163d30
0x163df0	FUN_00163df0
0x163e60	FUN_00163e60
0x163ea0	FUN_00163ea0
0x163ef0	FUN_00163ef0
0x163f10	FUN_00163f10
0x163f20	FUN_00163f20
0x163f40	FUN_00163f40
0x163f70	FUN_00163f70
0x164060	FUN_00164060
0x1640d0	FUN_001640d0
0x164100	FUN_00164100
0x164110	FUN_00164110
0x164170	FUN_00164170
0x164180	FUN_00164180
0x164450	FUN_00164450
0x1644c0	FUN_001644c0
0x1645a0	FUN_001645a0
0x164670	FUN_00164670
0x1646c0	FUN_001646c0
0x164700	FUN_00164700
0x164720	FUN_00164720
0x164730	FUN_00164730
0x164750	FUN_00164750
0x164770	FUN_00164770
0x1647d0	FUN_001647d0
0x1647e0	FUN_001647e0
0x164850	FUN_00164850
0x1649a0	FUN_001649a0
0x164a70	FUN_00164a70
0x164b00	FUN_00164b00
0x164b80	FUN_00164b80
0x164c10	FUN_00164c10
0x164cb0	FUN_00164cb0
0x164ce0	FUN_00164ce0
0x164cf0	FUN_00164cf0
0x164d10	FUN_00164d10
0x164d40	FUN_00164d40
0x164dc0	FUN_00164dc0
0x164e20	FUN_00164e20
0x164e40	FUN_00164e40
0x164f20	FUN_00164f20
0x164f50	FUN_00164f50
0x164fb0	FUN_00164fb0
0x164fd0	FUN_00164fd0
0x164ff0	FUN_00164ff0
0x165010	FUN_00165010
0x165030	FUN_00165030
0x165040	FUN_00165040
0x165120	FUN_00165120
0x165140	FUN_00165140
0x165150	FUN_00165150
0x1651d0	FUN_001651d0
0x165210	FUN_00165210
0x165350	FUN_00165350
0x1653e0	FUN_001653e0
0x165440	FUN_00165440
0x165450	FUN_00165450
0x1654b0	FUN_001654b0
0x1654c0	FUN_001654c0
0x165530	FUN_00165530
0x165540	FUN_00165540
0x165580	FUN_00165580
0x165620	FUN_00165620
0x165660	FUN_00165660
0x1656d0	FUN_001656d0
0x1656e0	FUN_001656e0
0x165710	FUN_00165710
0x165770	FUN_00165770
0x165830	FUN_00165830
0x165840	FUN_00165840
0x165960	FUN_00165960
0x1659c0	FUN_001659c0
0x165a10	FUN_00165a10
0x165a20	FUN_00165a20
0x165a90	FUN_00165a90
0x165ab0	FUN_00165ab0
0x165af0	FUN_00165af0
0x165bd0	FUN_00165bd0
0x165be0	FUN_00165be0
0x165c50	FUN_00165c50
0x165d30	FUN_00165d30
0x165d40	FUN_00165d40
0x165e00	FUN_00165e00
0x165ea0	FUN_00165ea0
0x165f10	FUN_00165f10
0x165fd0	FUN_00165fd0
0x1660b0	FUN_001660b0
0x166110	FUN_00166110
0x166120	FUN_00166120
0x1661b0	FUN_001661b0
0x1661d0	FUN_001661d0
0x166200	FUN_00166200
0x1662f0	FUN_001662f0
0x166340	FUN_00166340
0x1663e0	FUN_001663e0
0x166410	FUN_00166410
0x166450	FUN_00166450
0x166460	FUN_00166460
0x166480	FUN_00166480
0x1664d0	FUN_001664d0
0x166540	FUN_00166540
0x166560	FUN_00166560
0x166570	FUN_00166570
0x166650	FUN_00166650
0x166680	FUN_00166680
0x1666b0	FUN_001666b0
0x1666c0	FUN_001666c0
0x166760	FUN_00166760
0x1667c0	FUN_001667c0
0x166820	FUN_00166820
0x166960	FUN_00166960
0x1669d0	FUN_001669d0
0x166ad0	FUN_00166ad0
0x166af0	FUN_00166af0
0x166b20	FUN_00166b20
0x166b40	FUN_00166b40
0x166b60	FUN_00166b60
0x166bb0	FUN_00166bb0
0x166c00	FUN_00166c00
0x166c30	FUN_00166c30
0x166c70	FUN_00166c70
0x166c90	FUN_00166c90
0x166cd0	FUN_00166cd0
0x166da0	FUN_00166da0
0x166dc0	FUN_00166dc0
0x166e00	FUN_00166e00
0x166ee0	FUN_00166ee0
0x166f40	FUN_00166f40
0x166ff0	FUN_00166ff0
0x167030	FUN_00167030
0x167050	FUN_00167050
0x167070	FUN_00167070
0x167090	FUN_00167090
0x1670f0	FUN_001670f0
0x167180	FUN_00167180
0x167290	FUN_00167290
0x1672b0	FUN_001672b0
0x167390	FUN_00167390
0x167550	FUN_00167550
0x167570	FUN_00167570
0x167580	FUN_00167580
0x167620	FUN_00167620
0x167670	FUN_00167670
0x1676a0	FUN_001676a0
0x1676c0	FUN_001676c0
0x1677f0	FUN_001677f0
0x167800	FUN_00167800
0x167840	FUN_00167840
0x167960	FUN_00167960
0x1679e0	FUN_001679e0
0x167a10	FUN_00167a10
0x167af0	FUN_00167af0
0x167ba0	FUN_00167ba0
0x167c80	FUN_00167c80
0x167d30	FUN_00167d30
0x167dc0	FUN_00167dc0
0x167dd0	FUN_00167dd0
0x167e00	FUN_00167e00
0x167e90	FUN_00167e90
0x167eb0	FUN_00167eb0
0x167f00	FUN_00167f00
0x167f10	FUN_00167f10
0x168040	FUN_00168040
0x168130	FUN_00168130
0x168150	FUN_00168150
0x168260	FUN_00168260
0x168370	FUN_00168370
0x168390	FUN_00168390
0x1683d0	FUN_001683d0
0x1683e0	FUN_001683e0
0x168460	FUN_00168460
0x1684d0	FUN_001684d0
0x168550	FUN_00168550
0x1685f0	FUN_001685f0
0x168670	FUN_00168670
0x168690	FUN_00168690
0x168750	FUN_00168750
0x1687d0	FUN_001687d0
0x168840	FUN_00168840
0x168880	FUN_00168880
0x1688e0	FUN_001688e0
0x1688f0	FUN_001688f0
0x168990	FUN_00168990
0x168a00	FUN_00168a00
0x168a50	FUN_00168a50
0x168b20	FUN_00168b20
0x168b70	FUN_00168b70
0x168b90	FUN_00168b90
0x168ba0	FUN_00168ba0
0x168c90	FUN_00168c90
0x168cb0	FUN_00168cb0
0x168e10	FUN_00168e10
0x168e20	FUN_00168e20
0x168e70	FUN_00168e70
0x169010	FUN_00169010
0x169020	FUN_00169020
0x169150	FUN_00169150
0x169180	FUN_00169180
0x169320	FUN_00169320
0x169360	FUN_00169360
0x169400	FUN_00169400
0x169430	FUN_00169430
0x1695d0	FUN_001695d0
0x1695e0	FUN_001695e0
0x169640	FUN_00169640
0x169680	FUN_00169680
0x169700	FUN_00169700
0x169780	FUN_00169780
0x1697d0	FUN_001697d0
0x169810	FUN_00169810
0x169850	FUN_00169850
0x169860	FUN_00169860
0x169930	FUN_00169930
0x169990	FUN_00169990
0x169a40	FUN_00169a40
0x169a70	FUN_00169a70
0x169b10	FUN_00169b10
0x169b70	FUN_00169b70
0x169bd0	FUN_00169bd0
0x169c10	FUN_00169c10
0x169c80	FUN_00169c80
0x169ca0	FUN_00169ca0
0x169d90	FUN_00169d90
0x169de0	FUN_00169de0
0x169f00	FUN_00169f00
0x169f30	FUN_00169f30
0x169f40	FUN_00169f40
0x169f90	FUN_00169f90
0x169fa0	FUN_00169fa0
0x169fc0	FUN_00169fc0
0x169fd0	FUN_00169fd0
0x16a0a0	FUN_0016a0a0
0x16a0c0	FUN_0016a0c0
0x16a170	FUN_0016a170
0x16a180	FUN_0016a180
0x16a330	FUN_0016a330
0x16a390	FUN_0016a390
0x16a440	FUN_0016a440
0x16a4c0	FUN_0016a4c0
0x16a4e0	FUN_0016a4e0
0x16a640	FUN_0016a640
0x16a660	FUN_0016a660
0x16a6b0	FUN_0016a6b0
0x16a6f0	FUN_0016a6f0
0x16a870	FUN_0016a870
0x16a890	FUN_0016a890
0x16a8f0	FUN_0016a8f0
0x16aaa0	FUN_0016aaa0
0x16ab10	FUN_0016ab10
0x16ab70	FUN_0016ab70
0x16ac50	FUN_0016ac50
0x16ad40	FUN_0016ad40
0x16adf0	FUN_0016adf0
0x16afb0	FUN_0016afb0
0x16b0b0	FUN_0016b0b0
0x16b0e0	FUN_0016b0e0
0x16b180	FUN_0016b180
0x16b1e0	FUN_0016b1e0
0x16b250	FUN_0016b250
0x16b330	FUN_0016b330
0x16b350	FUN_0016b350
0x16b440	FUN_0016b440
0x16b460	FUN_0016b460
0x16b570	FUN_0016b570
0x16b5c0	FUN_0016b5c0
0x16b6a0	FUN_0016b6a0
0x16b6b0	FUN_0016b6b0
0x16b740	FUN_0016b740
0x16b760	FUN_0016b760
0x16b8d0	FUN_0016b8d0
0x16b970	FUN_0016b970
0x16b990	FUN_0016b990
0x16b9e0	FUN_0016b9e0
0x16ba30	FUN_0016ba30
0x16ba50	FUN_0016ba50
0x16ba70	FUN_0016ba70
0x16ba90	FUN_0016ba90
0x16bac0	FUN_0016bac0
0x16bad0	FUN_0016bad0
0x16bb60	FUN_0016bb60
0x16bb90	FUN_0016bb90
0x16bbe0	FUN_0016bbe0
0x16bc40	FUN_0016bc40
0x16bc50	FUN_0016bc50
0x16bca0	FUN_0016bca0
0x16bd90	FUN_0016bd90
0x16bde0	FUN_0016bde0
0x16be00	FUN_0016be00
0x16bf90	FUN_0016bf90
0x16c000	FUN_0016c000
0x16c0c0	FUN_0016c0c0
0x16c0d0	FUN_0016c0d0
0x16c110	FUN_0016c110
0x16c130	FUN_0016c130
0x16c150	FUN_0016c150
0x16c170	FUN_0016c170
0x16c1a0	FUN_0016c1a0
0x16c1b0	FUN_0016c1b0
0x16c240	FUN_0016c240
0x16c2a0	FUN_0016c2a0
0x16c2c0	FUN_0016c2c0
0x16c2f0	FUN_0016c2f0
0x16c440	FUN_0016c440
0x16c470	FUN_0016c470
0x16c4d0	FUN_0016c4d0
0x16c510	FUN_0016c510
0x16c5b0	FUN_0016c5b0
0x16c630	FUN_0016c630
0x16c7a0	FUN_0016c7a0
0x16c810	FUN_0016c810
0x16c870	FUN_0016c870
0x16c900	FUN_0016c900
0x16c930	FUN_0016c930
0x16ca10	FUN_0016ca10
0x16ca60	FUN_0016ca60
0x16ca70	FUN_0016ca70
0x16caa0	FUN_0016caa0
0x16cae0	FUN_0016cae0
0x16caf0	FUN_0016caf0
0x16cb10	FUN_0016cb10
0x16cb30	FUN_0016cb30
0x16cc20	FUN_0016cc20
0x16cc40	FUN_0016cc40
0x16cc50	FUN_0016cc50
0x16cc60	FUN_0016cc60
0x16cc90	FUN_0016cc90
0x16cd60	FUN_0016cd60
0x16cd70	FUN_0016cd70
0x16cde0	FUN_0016cde0
0x16ce50	FUN_0016ce50
0x16ce80	FUN_0016ce80
0x16ceb0	FUN_0016ceb0
0x16ced0	FUN_0016ced0
0x16cef0	FUN_0016cef0
0x16cfd0	FUN_0016cfd0
0x16d030	FUN_0016d030
0x16d0c0	FUN_0016d0c0
0x16d110	FUN_0016d110
0x16d1a0	FUN_0016d1a0
0x16d1f0	FUN_0016d1f0
0x16d230	FUN_0016d230
0x16d270	FUN_0016d270
0x16d290	FUN_0016d290
0x16d3b0	FUN_0016d3b0
0x16d410	FUN_0016d410
0x16d4f0	FUN_0016d4f0
0x16d520	FUN_0016d520
0x16d580	FUN_0016d580
0x16d590	FUN_0016d590
0x16d5b0	FUN_0016d5b0
0x16d5d0	FUN_0016d5d0
0x16d640	FUN_0016d640
0x16d730	FUN_0016d730
0x16d770	FUN_0016d770
0x16d7b0	FUN_0016d7b0
0x16d850	FUN_0016d850
0x16d990	FUN_0016d990
0x16da90	FUN_0016da90
0x16db30	FUN_0016db30
0x16db40	FUN_0016db40
0x16dc00	FUN_0016dc00
0x16dc10	FUN_0016dc10
0x16dc30	FUN_0016dc30
0x16dc70	FUN_0016dc70
0x16dc80	FUN_0016dc80
0x16dd00	FUN_0016dd00
0x16dda0	FUN_0016dda0
0x16ddd0	FUN_0016ddd0
0x16ddf0	FUN_0016ddf0
0x16df60	FUN_0016df60
0x16df90	FUN_0016df90
0x16e010	FUN_0016e010
0x16e0d0	FUN_0016e0d0
0x16e0f0	FUN_0016e0f0
0x16e220	FUN_0016e220
0x16e250	FUN_0016e250
0x16e2a0	FUN_0016e2a0
0x16e310	FUN_0016e310
0x16e360	FUN_0016e360
0x16e3e0	FUN_0016e3e0
0x16e510	FUN_0016e510
0x16e520	FUN_0016e520
0x16e530	FUN_0016e530
0x16e560	FUN_0016e560
0x16e800	FUN_0016e800
0x16e810	FUN_0016e810
0x16e980	FUN_0016e980
0x16eaa0	FUN_0016eaa0
0x16eb10	FUN_0016eb10
0x16eb40	FUN_0016eb40
0x16eb50	FUN_0016eb50
0x16eb70	FUN_0016eb70
0x16eba0	FUN_0016eba0
0x16ebb0	FUN_0016ebb0
0x16ec60	FUN_0016ec60
0x16ec80	FUN_0016ec80
0x16ecb0	FUN_0016ecb0
0x16ed40	FUN_0016ed40
0x16edd0	FUN_0016edd0
0x16ee10	FUN_0016ee10
0x16eed0	FUN_0016eed0
0x16ef50	FUN_0016ef50
0x16ef80	FUN_0016ef80
0x16ef90	FUN_0016ef90
0x16f110	FUN_0016f110
0x16f1d0	FUN_0016f1d0
0x16f290	FUN_0016f290
0x16f2a0	FUN_0016f2a0
0x16f2f0	FUN_0016f2f0
0x16f360	FUN_0016f360
0x16f3e0	FUN_0016f3e0
0x16f4e0	FUN_0016f4e0
0x16f4f0	FUN_0016f4f0
0x16f590	FUN_0016f590
0x16f5e0	FUN_0016f5e0
0x16f630	FUN_0016f630
0x16f660	FUN_0016f660
0x16f670	FUN_0016f670
0x16f6b0	FUN_0016f6b0
0x16f710	FUN_0016f710
0x16f730	FUN_0016f730
0x16f760	FUN_0016f760
0x16f800	FUN_0016f800
0x16f820	FUN_0016f820
0x16f850	FUN_0016f850
0x16f860	FUN_0016f860
0x16f8a0	FUN_0016f8a0
0x16f910	FUN_0016f910
0x16f950	FUN_0016f950
0x16fb30	FUN_0016fb30
0x16fb50	FUN_0016fb50
0x16fc10	FUN_0016fc10
0x16fc40	FUN_0016fc40
0x16fcf0	FUN_0016fcf0
0x16fd50	FUN_0016fd50
0x16fd60	FUN_0016fd60
0x16fdb0	FUN_0016fdb0
0x16fe40	FUN_0016fe40
0x16fe70	FUN_0016fe70
0x16fe80	FUN_0016fe80
0x16fe90	FUN_0016fe90
0x16fea0	FUN_0016fea0
0x1700f0	FUN_001700f0
0x170120	FUN_00170120
0x170230	FUN_00170230
0x170240	FUN_00170240
0x170260	FUN_00170260
0x170280	FUN_00170280
0x170290	FUN_00170290
0x1702c0	FUN_001702c0
0x170370	FUN_00170370
0x1703a0	FUN_001703a0
0x1703c0	FUN_001703c0
0x170480	FUN_00170480
0x1704e0	FUN_001704e0
0x170580	FUN_00170580
0x1705a0	FUN_001705a0
0x170680	FUN_00170680
0x170780	FUN_00170780
0x1707a0	FUN_001707a0
0x1707c0	FUN_001707c0
0x170800	FUN_00170800
0x170820	FUN_00170820
0x170890	FUN_00170890
0x1708f0	FUN_001708f0
0x170900	FUN_00170900
0x170910	FUN_00170910
0x170930	FUN_00170930
0x170940	FUN_00170940
0x1709a0	FUN_001709a0
0x1709c0	FUN_001709c0
0x170a80	FUN_00170a80
0x170ae0	FUN_00170ae0
0x170b20	FUN_00170b20
0x170b40	FUN_00170b40
0x170ba0	FUN_00170ba0
0x170bc0	FUN_00170bc0
0x170bf0	FUN_00170bf0
0x170cc0	FUN_00170cc0
0x170cf0	FUN_00170cf0
0x170d20	FUN_00170d20
0x170de0	FUN_00170de0
0x170e60	FUN_00170e60
0x170ec0	FUN_00170ec0
0x170f40	FUN_00170f40
0x170f70	FUN_00170f70
0x170fe0	FUN_00170fe0
0x171000	FUN_00171000
0x171110	FUN_00171110
0x171140	FUN_00171140
0x171160	FUN_00171160
0x1711c0	FUN_001711c0
0x1711f0	FUN_001711f0
0x171220	FUN_00171220
0x171260	FUN_00171260
0x1712a0	FUN_001712a0
0x1712c0	FUN_001712c0
0x171360	FUN_00171360
0x1714b0	FUN_001714b0
0x1714d0	FUN_001714d0
0x1715e0	FUN_001715e0
0x171650	FUN_00171650
0x171670	FUN_00171670
0x171700	FUN_00171700
0x171710	FUN_00171710
0x171860	FUN_00171860
0x1718c0	FUN_001718c0
0x1718e0	FUN_001718e0
0x171990	FUN_00171990
0x1719a0	FUN_001719a0
0x1719b0	FUN_001719b0
0x171a50	FUN_00171a50
0x171a60	FUN_00171a60
0x171aa0	FUN_00171aa0
0x171ae0	FUN_00171ae0
0x171b80	FUN_00171b80
0x171c50	FUN_00171c50
0x171c90	FUN_00171c90
0x171cb0	FUN_00171cb0
0x171d00	FUN_00171d00
0x171d40	FUN_00171d40
0x171d60	FUN_00171d60
0x171ec0	FUN_00171ec0
0x171ed0	FUN_00171ed0
0x171ef0	FUN_00171ef0
0x171f00	FUN_00171f00
0x171f20	FUN_00171f20
0x171f40	FUN_00171f40
0x171fe0	FUN_00171fe0
0x172020	FUN_00172020
0x172070	FUN_00172070
0x172160	FUN_00172160
0x172170	FUN_00172170
0x172210	FUN_00172210
0x1722b0	FUN_001722b0
0x172340	FUN_00172340
0x172350	FUN_00172350
0x172400	FUN_00172400
0x1724a0	FUN_001724a0
0x1724c0	FUN_001724c0
0x172550	FUN_00172550
0x172590	FUN_00172590
0x1725f0	FUN_001725f0
0x172660	FUN_00172660
0x172670	FUN_00172670
0x1726e0	FUN_001726e0
0x1727d0	FUN_001727d0
0x172940	FUN_00172940
0x1729a0	FUN_001729a0
0x1729d0	FUN_001729d0
0x172aa0	FUN_00172aa0
0x172ab0	FUN_00172ab0
0x172bb0	FUN_00172bb0
0x172bc0	FUN_00172bc0
0x172bf0	FUN_00172bf0
0x172c70	FUN_00172c70
0x172cc0	FUN_00172cc0
0x172d60	FUN_00172d60
0x172dd0	FUN_00172dd0
0x172e20	FUN_00172e20
0x172e80	FUN_00172e80
0x172ea0	FUN_00172ea0
0x172ee0	FUN_00172ee0
0x172f00	FUN_00172f00
0x172fe0	FUN_00172fe0
0x173000	FUN_00173000
0x173030	FUN_00173030
0x1730c0	FUN_001730c0
0x1730d0	FUN_001730d0
0x173110	FUN_00173110
0x173160	FUN_00173160
0x173200	FUN_00173200
0x173260	FUN_00173260
0x173310	FUN_00173310
0x173370	FUN_00173370
0x173390	FUN_00173390
0x173420	FUN_00173420
0x173450	FUN_00173450
0x173460	FUN_00173460
0x173480	FUN_00173480
0x173490	FUN_00173490
0x1734f0	FUN_001734f0
0x173520	FUN_00173520
0x173560	FUN_00173560
0x1735a0	FUN_001735a0
0x1735d0	FUN_001735d0
0x173630	FUN_00173630
0x173640	FUN_00173640
0x1736b0	FUN_001736b0
0x173720	FUN_00173720
0x173770	FUN_00173770
0x173800	FUN_00173800
0x173850	FUN_00173850
0x173900	FUN_00173900
0x1739b0	FUN_001739b0
0x173a20	FUN_00173a20
0x173ae0	FUN_00173ae0
0x173b40	FUN_00173b40
0x173bb0	FUN_00173bb0
0x173bc0	FUN_00173bc0
0x173c30	FUN_00173c30
0x173c50	FUN_00173c50
0x173c60	FUN_00173c60
0x173ce0	FUN_00173ce0
0x173d00	FUN_00173d00
0x173d60	FUN_00173d60
0x173e90	FUN_00173e90
0x173ea0	FUN_00173ea0
0x173eb0	FUN_00173eb0
0x173f10	FUN_00173f10
0x173fb0	FUN_00173fb0
0x174090	FUN_00174090
0x1740c0	FUN_001740c0
0x174230	FUN_00174230
0x174280	FUN_00174280
0x174330	FUN_00174330
0x24ec40	FUN_0024ec40
0x250cc8	FUN_00250cc8
0x251ff4	FUN_00251ff4
0x252184	FUN_00252184
0x257a1c	FUN_00257a1c
0x257d50	FUN_00257d50
0x258d5c	FUN_00258d5c
0x259130	FUN_00259130
0x2591c8	FUN_002591c8
0x25960c	FUN_0025960c
0x259aac	FUN_00259aac
0x25d960	FUN_0025d960
0x25dcf8	FUN_0025dcf8
0x25dd94	FUN_0025dd94
0x25e030	FUN_0025e030
0x25e2a0	FUN_0025e2a0
0x25e60c	FUN_0025e60c
0x25e748	FUN_0025e748
0x25e7a4	FUN_0025e7a4
0x25e868	FUN_0025e868
0x25eaa4	FUN_0025eaa4
0x25eb2c	FUN_0025eb2c
0x25ece0	FUN_0025ece0
0x25f12c	FUN_0025f12c
0x2622b0	FUN_002622b0
0x262ba4	FUN_00262ba4
0x262c74	FUN_00262c74
0x262d6c	FUN_00262d6c
0x263f14	FUN_00263f14
0x264a5c	FUN_00264a5c
0x266398	FUN_00266398
0x26a668	FUN_0026a668
0x26ba58	FUN_0026ba58
0x26c920	FUN_0026c920
0x26e218	FUN_0026e218
0x270168	FUN_00270168
0x270200	FUN_00270200
0x2744b8	FUN_002744b8
0x274534	FUN_00274534
0x276b3c	FUN_00276b3c
0x276c08	FUN_00276c08
0x276e38	FUN_00276e38
0x276eb8	FUN_00276eb8
0x276f94	FUN_00276f94
0x27b6a0	FUN_0027b6a0
0x285a44	FUN_00285a44
0x286058	FUN_00286058
0x2878bc	FUN_002878bc
0x28a87c	FUN_0028a87c
0x28a9f0	FUN_0028a9f0
0x28adec	FUN_0028adec
0x28aec4	FUN_0028aec4
0x28afd0	FUN_0028afd0
0x28b054	FUN_0028b054
0x28b440	FUN_0028b440
0x2917a8	FUN_002917a8
0x295344	FUN_00295344
0x2968a0	FUN_002968a0
0x298244	FUN_00298244
0x298280	FUN_00298280
0x298400	FUN_00298400
0x2984d0	FUN_002984d0
0x298580	FUN_00298580
0x298644	FUN_00298644
0x29fe04	FUN_0029fe04
0x2a3b70	FUN_002a3b70
0x2a54dc	FUN_002a54dc
0x2a80e0	FUN_002a80e0
0x2a8e58	FUN_002a8e58
0x2a8f10	FUN_002a8f10
0x2a8f70	FUN_002a8f70
0x2a9050	FUN_002a9050
0x2a91b8	FUN_002a91b8
0x2a932c	FUN_002a932c
0x2a945c	FUN_002a945c
0x2a962c	FUN_002a962c
0x2a979c	FUN_002a979c
0x2a98f8	FUN_002a98f8
0x2a9a2c	FUN_002a9a2c
0x2a9bb0	FUN_002a9bb0
0x2a9dd4	FUN_002a9dd4
0x2aa4cc	FUN_002aa4cc
0x2aa6e0	FUN_002aa6e0
0x2aae6c	FUN_002aae6c
0x2aafdc	FUN_002aafdc
0x2ab040	FUN_002ab040
0x2aba28	FUN_002aba28
0x2abb7c	FUN_002abb7c
0x2ace80	FUN_002ace80
0x2addb8	FUN_002addb8
0x2ae15c	FUN_002ae15c
0x2ae36c	FUN_002ae36c
0x2ae3d0	FUN_002ae3d0
0x2ae484	FUN_002ae484
0x2aede0	FUN_002aede0
0x2b18c4	FUN_002b18c4
0x2b2768	FUN_002b2768
0x2c76ec	FUN_002c76ec
0x2c7808	FUN_002c7808
0x2c94bc	FUN_002c94bc
0x2c9a4c	FUN_002c9a4c
0x2ca44c	FUN_002ca44c
0x2ca97c	FUN_002ca97c
0x2cab5c	FUN_002cab5c
0x2cac18	FUN_002cac18
0x2cacb8	FUN_002cacb8
0x2cad6c	FUN_002cad6c
0x2cae44	FUN_002cae44
0x2caf88	FUN_002caf88
0x2cb450	FUN_002cb450
0x2cb564	FUN_002cb564
0x2cb5d0	FUN_002cb5d0
0x2cb734	FUN_002cb734
0x2cb868	FUN_002cb868
0x2cb994	FUN_002cb994
0x2cc2ec	FUN_002cc2ec
0x2ce674	FUN_002ce674
0x2d065c	FUN_002d065c
0x2d0770	FUN_002d0770
0x2d0ef8	FUN_002d0ef8
0x2d0f7c	FUN_002d0f7c
0x2d1124	FUN_002d1124
0x2d12ac	FUN_002d12ac
0x2d12ec	FUN_002d12ec
0x2d13a4	FUN_002d13a4
0x2d1538	FUN_002d1538
0x2d15d0	FUN_002d15d0
0x2d1ad0	FUN_002d1ad0
0x2d1b60	FUN_002d1b60
0x2d1ca0	FUN_002d1ca0
0x2d1fbc	FUN_002d1fbc
0x2d3c8c	FUN_002d3c8c
0x2d3cd0	FUN_002d3cd0
0x2d3d84	FUN_002d3d84
0x2d57d4	FUN_002d57d4
0x2d5888	FUN_002d5888
0x2d5934	FUN_002d5934
0x2d5a24	FUN_002d5a24
0x2d5a7c	FUN_002d5a7c
0x2d5b10	FUN_002d5b10
0x2d5b74	FUN_002d5b74
0x2d5c58	FUN_002d5c58
0x2d5e1c	FUN_002d5e1c
0x2d5e64	FUN_002d5e64
0x2d6b50	FUN_002d6b50
0x2d9018	FUN_002d9018
0x2d9490	FUN_002d9490
0x2d94f4	FUN_002d94f4
0x2d9538	FUN_002d9538
0x2d9700	FUN_002d9700
0x2d9750	FUN_002d9750
0x2dbf44	FUN_002dbf44
0x2dc064	FUN_002dc064
0x2dc204	FUN_002dc204
0x2dc5f8	FUN_002dc5f8
0x2dc774	FUN_002dc774
0x2dc7f8	FUN_002dc7f8
0x2dd064	FUN_002dd064
0x2de028	FUN_002de028
0x2de0b0	FUN_002de0b0
0x2de168	thunk_FUN_00169320
0x2de16c	FUN_002de16c
0x2de2fc	FUN_002de2fc
0x2de3a8	FUN_002de3a8
0x2de484	FUN_002de484
0x2de4d8	FUN_002de4d8
0x2de600	FUN_002de600
0x2de700	FUN_002de700
0x2de930	FUN_002de930
0x2dea18	FUN_002dea18
0x2deac8	FUN_002deac8
0x2deba0	FUN_002deba0
0x2df708	FUN_002df708
0x2df860	FUN_002df860
0x2df994	FUN_002df994
0x2dfa3c	FUN_002dfa3c
0x2dfbbc	FUN_002dfbbc
0x2dfc34	FUN_002dfc34
0x2dfd84	FUN_002dfd84
0x2e03b4	FUN_002e03b4
0x2e05e8	FUN_002e05e8
0x2e0774	FUN_002e0774
0x2e07ec	FUN_002e07ec
0x2e08b8	FUN_002e08b8
0x2e0944	FUN_002e0944
0x2e0b88	FUN_002e0b88
0x2e0bfc	FUN_002e0bfc
0x2e0de4	FUN_002e0de4
0x2e0e3c	FUN_002e0e3c
0x2e0f00	FUN_002e0f00
0x2e0f68	FUN_002e0f68
0x2e105c	FUN_002e105c
0x2e11c0	FUN_002e11c0
0x2e1264	FUN_002e1264
0x2e15e8	FUN_002e15e8
0x2e1bac	FUN_002e1bac
0x2e1cec	FUN_002e1cec
0x2e1e2c	FUN_002e1e2c
0x2e1f20	FUN_002e1f20
0x2e1fa4	FUN_002e1fa4
0x2e2188	FUN_002e2188
0x2e21e8	FUN_002e21e8
0x2e23c8	FUN_002e23c8
0x2e2470	FUN_002e2470
0x2e25d4	FUN_002e25d4
0x2e2664	FUN_002e2664
0x2e27bc	FUN_002e27bc
0x2e2918	FUN_002e2918
0x2e2a38	FUN_002e2a38
0x2e2a90	FUN_002e2a90
0x2e2b08	FUN_002e2b08
0x2e34c8	FUN_002e34c8
0x2e353c	FUN_002e353c
0x2e3614	FUN_002e3614
0x2e365c	FUN_002e365c
0x2e3704	FUN_002e3704
0x2e3784	FUN_002e3784
0x2e386c	FUN_002e386c
0x2e3b4c	FUN_002e3b4c
0x2e3f2c	FUN_002e3f2c
0x2e4414	FUN_002e4414
0x2e4778	FUN_002e4778
0x2e4968	FUN_002e4968
0x2e4a5c	FUN_002e4a5c
0x2e4b40	FUN_002e4b40
0x2e4c50	FUN_002e4c50
0x2e4cb0	FUN_002e4cb0
0x2e4f08	FUN_002e4f08
0x2e50dc	FUN_002e50dc
0x2e5180	FUN_002e5180
0x2e51ec	FUN_002e51ec
0x2e5284	FUN_002e5284
0x2e52c0	FUN_002e52c0
0x2e5420	FUN_002e5420
0x2e551c	FUN_002e551c
0x2e55d4	FUN_002e55d4
0x2e5650	FUN_002e5650
0x2e572c	FUN_002e572c
0x2e5944	FUN_002e5944
0x2e5a7c	FUN_002e5a7c
0x2e60f4	FUN_002e60f4
0x2e6180	FUN_002e6180
0x2e621c	FUN_002e621c
0x2e62d4	FUN_002e62d4
0x2e6448	FUN_002e6448
0x2e64d8	FUN_002e64d8
0x2e65a0	FUN_002e65a0
0x2e68fc	FUN_002e68fc
0x2e6a24	FUN_002e6a24
0x2e6d74	FUN_002e6d74
0x2e6ed4	FUN_002e6ed4
0x2e76e0	FUN_002e76e0
0x2e7bb4	FUN_002e7bb4
0x2e7cd8	FUN_002e7cd8
0x2e7e90	FUN_002e7e90
0x2e7efc	FUN_002e7efc
0x2e8020	FUN_002e8020
0x2e80a8	FUN_002e80a8
0x2e8220	FUN_002e8220
0x2e82c8	FUN_002e82c8
0x2e8444	FUN_002e8444
0x2e8580	FUN_002e8580
0x2e864c	FUN_002e864c
0x2e86e8	FUN_002e86e8
0x2e8b00	FUN_002e8b00
0x2e8c9c	FUN_002e8c9c
0x2e8d5c	FUN_002e8d5c
0x2e8dc0	FUN_002e8dc0
0x2e8ea8	FUN_002e8ea8
0x2e8f30	FUN_002e8f30
0x2e8f88	FUN_002e8f88
0x2e8fd0	FUN_002e8fd0
0x2e99f4	FUN_002e99f4
0x2e9a7c	FUN_002e9a7c
0x2e9ae8	FUN_002e9ae8
0x2e9bf0	FUN_002e9bf0
0x2e9cb0	FUN_002e9cb0
0x2e9de0	FUN_002e9de0
0x2e9f20	FUN_002e9f20
0x2ea018	FUN_002ea018
0x2ea0e4	FUN_002ea0e4
0x2ea190	FUN_002ea190
0x2ea228	FUN_002ea228
0x2ea2f8	FUN_002ea2f8
0x2ea3c4	FUN_002ea3c4
0x2ea8c0	FUN_002ea8c0
0x2eaa88	FUN_002eaa88
0x2eafcc	FUN_002eafcc
0x2eb068	FUN_002eb068
0x2eb0d0	FUN_002eb0d0
0x2eb18c	FUN_002eb18c
0x2eb1dc	FUN_002eb1dc
0x2f31f0	FUN_002f31f0
0x2f325c	FUN_002f325c
0x2f3314	FUN_002f3314
0x2f33e4	FUN_002f33e4
0x2f35fc	FUN_002f35fc
0x2f3710	FUN_002f3710
0x2f378c	FUN_002f378c
0x2f38e8	FUN_002f38e8
0x2f3a88	FUN_002f3a88
0x2f3b54	FUN_002f3b54
0x2f3c70	FUN_002f3c70
0x2f3d48	FUN_002f3d48
0x2f408c	FUN_002f408c
0x2f40e0	FUN_002f40e0
0x2f4158	FUN_002f4158
0x2f44f4	FUN_002f44f4
0x2f4644	FUN_002f4644
0x2f4784	FUN_002f4784
0x2f4800	FUN_002f4800
0x2f4938	FUN_002f4938
0x2f4ec4	FUN_002f4ec4
0x2f5174	FUN_002f5174
0x2f51cc	FUN_002f51cc
0x2f52a0	FUN_002f52a0
0x2f5360	FUN_002f5360
0x2f5518	FUN_002f5518
0x2f5630	FUN_002f5630
0x2f56f8	FUN_002f56f8
0x2f57a0	FUN_002f57a0
0x2f5864	FUN_002f5864
0x2f59e0	FUN_002f59e0
0x2f5a3c	FUN_002f5a3c
0x2f5b3c	FUN_002f5b3c
0x2f5c00	FUN_002f5c00
0x2f5cbc	FUN_002f5cbc
0x2f5e48	FUN_002f5e48
0x2f5e98	FUN_002f5e98
0x2f5f98	FUN_002f5f98
0x2f6018	FUN_002f6018
0x2f6090	FUN_002f6090
0x2f610c	FUN_002f610c
0x2f631c	FUN_002f631c
0x2f6458	FUN_002f6458
0x2f6614	FUN_002f6614
0x2f6940	FUN_002f6940
0x2f6d04	FUN_002f6d04
0x2f8040	FUN_002f8040
0x2f80d8	FUN_002f80d8
0x2f8470	FUN_002f8470
0x2f8640	FUN_002f8640
0x2f8700	FUN_002f8700
0x2f8800	FUN_002f8800
0x2f88b8	FUN_002f88b8
0x2f8a00	FUN_002f8a00
0x2f8be0	FUN_002f8be0
0x2f8cdc	FUN_002f8cdc
0x2f8dec	FUN_002f8dec
0x2f8f80	FUN_002f8f80
0x2f8fc4	FUN_002f8fc4
0x2f9184	FUN_002f9184
0x2f9248	FUN_002f9248
0x2f9314	FUN_002f9314
0x2f93dc	FUN_002f93dc
0x2f9454	FUN_002f9454
0x2f94f8	FUN_002f94f8
0x2f9560	FUN_002f9560
0x2f9780	FUN_002f9780
0x2f9a6c	FUN_002f9a6c
0x2f9adc	FUN_002f9adc
0x2f9b0c	FUN_002f9b0c
0x2f9d54	FUN_002f9d54
0x2f9e38	FUN_002f9e38
0x2fa4ec	FUN_002fa4ec
0x2fa614	FUN_002fa614
0x2fa680	FUN_002fa680
0x2fa7a0	FUN_002fa7a0
0x2fa82c	FUN_002fa82c
0x2fa8cc	FUN_002fa8cc
0x2fa944	FUN_002fa944
0x2faa04	FUN_002faa04
0x2faa80	FUN_002faa80
0x2fab2c	FUN_002fab2c
0x2faba4	FUN_002faba4
0x2fac88	FUN_002fac88
0x2facdc	FUN_002facdc
0x2fad64	FUN_002fad64
0x2fb130	FUN_002fb130
0x2fb1d0	FUN_002fb1d0
0x2fb7dc	FUN_002fb7dc
0x2fb8e0	FUN_002fb8e0
0x2fb988	FUN_002fb988
0x2fbaf0	FUN_002fbaf0
0x2fbb40	FUN_002fbb40
0x2fbb8c	FUN_002fbb8c
0x2fbc94	FUN_002fbc94
0x2fc0a4	FUN_002fc0a4
0x2fc1c8	FUN_002fc1c8
0x2fc250	FUN_002fc250
0x2fc348	FUN_002fc348
0x2fc398	FUN_002fc398
0x2fc444	FUN_002fc444
0x2fc478	FUN_002fc478
0x2fc518	FUN_002fc518
0x2fc580	FUN_002fc580
0x2fc614	FUN_002fc614
0x2fc698	FUN_002fc698
0x2fc758	FUN_002fc758
0x2fc7d4	FUN_002fc7d4
0x2fccbc	FUN_002fccbc
0x2fcd68	FUN_002fcd68
0x2fcdcc	FUN_002fcdcc
0x2fce40	FUN_002fce40
0x2fd010	FUN_002fd010
0x2fd094	FUN_002fd094
0x300fa8	FUN_00300fa8
0x301028	FUN_00301028
0x301068	FUN_00301068
0x301128	FUN_00301128
0x30160c	FUN_0030160c
0x301c68	FUN_00301c68
0x301db8	FUN_00301db8
0x301e3c	FUN_00301e3c
0x30201c	FUN_0030201c
0x302b34	FUN_00302b34
0x302b84	FUN_00302b84
0x302f44	FUN_00302f44
0x303544	FUN_00303544
0x306238	FUN_00306238
0x306398	FUN_00306398
0x306488	FUN_00306488
0x306520	FUN_00306520
0x306594	FUN_00306594
0x306684	FUN_00306684
0x3066f0	FUN_003066f0
0x3067e0	FUN_003067e0
0x306950	FUN_00306950
0x306f60	FUN_00306f60
0x3082a8	FUN_003082a8
0x30a184	FUN_0030a184
0x30a258	FUN_0030a258
0x30a2c8	FUN_0030a2c8
0x30a330	FUN_0030a330
0x30a384	FUN_0030a384
0x30cc60	FUN_0030cc60
0x30cd0c	FUN_0030cd0c
0x30ced4	FUN_0030ced4
0x30d070	FUN_0030d070
0x30d2b8	FUN_0030d2b8
0x30d30c	FUN_0030d30c
0x30d3a8	FUN_0030d3a8
0x30d43c	FUN_0030d43c
0x30d534	FUN_0030d534
0x30d5cc	FUN_0030d5cc
0x30d63c	FUN_0030d63c
0x30d6d0	FUN_0030d6d0
0x30d75c	FUN_0030d75c
0x30d800	FUN_0030d800
0x30d8b8	FUN_0030d8b8
0x30d950	FUN_0030d950
0x30d99c	FUN_0030d99c
0x30dac8	FUN_0030dac8
0x30dbb8	FUN_0030dbb8
0x30dcf8	FUN_0030dcf8
0x30dde4	FUN_0030dde4
0x30e854	FUN_0030e854
0x30e8f8	FUN_0030e8f8
0x30f0e8	FUN_0030f0e8
0x30f150	FUN_0030f150
0x30f26c	FUN_0030f26c
0x30f2cc	FUN_0030f2cc
0x30f49c	FUN_0030f49c
0x30f740	FUN_0030f740
0x30f7ac	FUN_0030f7ac
0x30f8e8	FUN_0030f8e8
0x30f9f8	FUN_0030f9f8
0x30fa70	FUN_0030fa70
0x30fbec	FUN_0030fbec
0x30fcec	FUN_0030fcec
0x30fddc	FUN_0030fddc
0x30fecc	FUN_0030fecc
0x31084c	FUN_0031084c
0x3108cc	FUN_003108cc
0x310b60	FUN_00310b60
0x310d84	FUN_00310d84
0x310e0c	FUN_00310e0c
0x310e70	FUN_00310e70
0x310f28	FUN_00310f28
0x310f70	FUN_00310f70
0x311000	FUN_00311000
0x311060	FUN_00311060
0x311138	FUN_00311138
0x3112a8	FUN_003112a8
0x311334	FUN_00311334
0x311418	FUN_00311418
0x3114d8	FUN_003114d8
0x3115b8	FUN_003115b8
0x3116c4	FUN_003116c4
0x3118f8	thunk_FUN_0031190c
0x31190c	FUN_0031190c
0x311980	FUN_00311980
0x311ab4	FUN_00311ab4
0x311bec	FUN_00311bec
0x311d8c	FUN_00311d8c
0x311e04	FUN_00311e04
0x311ea4	FUN_00311ea4
0x311f8c	FUN_00311f8c
0x3120c4	FUN_003120c4
0x312164	FUN_00312164
0x3122fc	FUN_003122fc
0x312370	FUN_00312370
0x312444	FUN_00312444
0x3124e8	FUN_003124e8
0x312900	FUN_00312900
0x312978	FUN_00312978
0x3129f0	FUN_003129f0
0x312a60	FUN_00312a60
0x312b40	FUN_00312b40
0x312d44	FUN_00312d44
0x312dc8	FUN_00312dc8
0x312eb4	FUN_00312eb4
0x312fac	FUN_00312fac
0x313364	FUN_00313364
0x3133fc	FUN_003133fc
0x313488	FUN_00313488
0x31352c	FUN_0031352c
0x313714	FUN_00313714
0x3137b8	FUN_003137b8
0x3137e8	FUN_003137e8
0x31389c	FUN_0031389c
0x3139b0	FUN_003139b0
0x313a8c	FUN_00313a8c
0x313cfc	FUN_00313cfc
0x316104	FUN_00316104
0x316190	FUN_00316190
0x31688c	FUN_0031688c
0x316d60	FUN_00316d60
0x316dbc	FUN_00316dbc
0x316e1c	FUN_00316e1c
0x316e8c	FUN_00316e8c
0x316f60	FUN_00316f60
0x316fd4	FUN_00316fd4
0x317054	FUN_00317054
0x317468	FUN_00317468
0x317504	FUN_00317504
0x317864	FUN_00317864
0x3179ac	FUN_003179ac
0x317c64	FUN_00317c64
0x317e04	FUN_00317e04
0x317e88	FUN_00317e88
0x317f9c	FUN_00317f9c
0x318088	FUN_00318088
0x318c00	FUN_00318c00
0x318ca8	FUN_00318ca8
0x318d20	FUN_00318d20
0x319280	FUN_00319280
0x319318	FUN_00319318
0x319378	FUN_00319378
0x3193f0	FUN_003193f0
0x319900	FUN_00319900
0x31a6d0	FUN_0031a6d0
0x31ab2c	FUN_0031ab2c
0x31ade0	FUN_0031ade0
0x31bcf0	FUN_0031bcf0
0x31be34	FUN_0031be34
0x31bf0c	FUN_0031bf0c
0x31bfcc	FUN_0031bfcc
0x31c094	FUN_0031c094
0x31c100	FUN_0031c100
0x31c2d8	FUN_0031c2d8
0x31c8f8	FUN_0031c8f8
0x31cc8c	FUN_0031cc8c
0x31ccec	FUN_0031ccec
0x31d09c	FUN_0031d09c
0x31d104	FUN_0031d104
0x31d238	FUN_0031d238
0x31e3cc	FUN_0031e3cc
0x31e490	FUN_0031e490
0x31e578	FUN_0031e578
0x31e5e8	FUN_0031e5e8
0x31e764	FUN_0031e764
0x31e830	FUN_0031e830
0x31eaac	FUN_0031eaac
0x31eb58	FUN_0031eb58
0x31ec10	FUN_0031ec10
0x31ecac	FUN_0031ecac
0x31ed20	FUN_0031ed20
0x31ed84	FUN_0031ed84
0x31eef8	FUN_0031eef8
0x31efa4	FUN_0031efa4
0x31f1ac	thunk_FUN_0031f1b4
0x31f1b4	FUN_0031f1b4
0x31f204	FUN_0031f204
0x31f2d4	FUN_0031f2d4
0x31f3f4	FUN_0031f3f4
0x31f4b8	FUN_0031f4b8
0x31f5c8	FUN_0031f5c8
0x31fc40	FUN_0031fc40
0x31fd34	FUN_0031fd34
0x31fddc	FUN_0031fddc
0x32012c	FUN_0032012c
0x320288	FUN_00320288
0x32032c	FUN_0032032c
0x3203c0	FUN_003203c0
0x3204f4	FUN_003204f4
0x320630	FUN_00320630
0x3206d4	FUN_003206d4
0x320960	FUN_00320960
0x320c18	FUN_00320c18
0x320c8c	FUN_00320c8c
0x320d54	FUN_00320d54
0x320e8c	FUN_00320e8c
0x320f38	FUN_00320f38
0x3213b4	FUN_003213b4
0x321444	FUN_00321444
0x321b44	FUN_00321b44
0x321e38	FUN_00321e38
0x322048	FUN_00322048
0x322114	FUN_00322114
0x322358	FUN_00322358
0x322430	FUN_00322430
0x3229fc	FUN_003229fc
0x322d38	FUN_00322d38
0x322de0	FUN_00322de0
0x3237d8	FUN_003237d8
0x3239e8	FUN_003239e8
0x323a88	FUN_00323a88
0x323b58	FUN_00323b58
0x323c28	FUN_00323c28
0x323cac	FUN_00323cac
0x323ecc	FUN_00323ecc
0x323f20	FUN_00323f20
0x323f94	FUN_00323f94
0x3243b0	FUN_003243b0
0x324890	FUN_00324890
0x324a98	FUN_00324a98
0x324ffc	FUN_00324ffc
0x325090	FUN_00325090
0x3252c0	FUN_003252c0
0x325340	FUN_00325340
0x325454	FUN_00325454
0x325518	FUN_00325518
0x32562c	FUN_0032562c
0x32578c	FUN_0032578c
0x325f78	FUN_00325f78
0x325fb8	FUN_00325fb8
0x326060	FUN_00326060
0x326114	FUN_00326114
0x3262d0	FUN_003262d0
0x326348	FUN_00326348
0x3263d0	FUN_003263d0
0x3280cc	FUN_003280cc
0x328178	FUN_00328178
0x3281fc	FUN_003281fc
0x3282d8	FUN_003282d8
0x328360	FUN_00328360
0x3283ec	FUN_003283ec
0x328a54	FUN_00328a54
0x3293d8	FUN_003293d8
0x329538	FUN_00329538
0x329768	FUN_00329768
0x32993c	FUN_0032993c
0x329b68	FUN_00329b68
0x329c90	FUN_00329c90
0x32ac5c	FUN_0032ac5c
0x32acf4	FUN_0032acf4
0x32ad6c	FUN_0032ad6c
0x32adb0	FUN_0032adb0
0x32ae48	FUN_0032ae48
0x3a9eac	FUN_003a9eac
0x3a9efc	FUN_003a9efc
0x3a9f68	FUN_003a9f68
0x3aa25c	FUN_003aa25c
0x3aa2a8	FUN_003aa2a8
0x3aa3a0	FUN_003aa3a0
0x3aa844	FUN_003aa844
0x3aa8c4	FUN_003aa8c4
0x3aa9c0	FUN_003aa9c0
0x3aaa44	FUN_003aaa44
0x3aabec	FUN_003aabec
0x3aac68	FUN_003aac68
0x3aae88	FUN_003aae88
0x3aaf24	FUN_003aaf24
0x3ab05c	FUN_003ab05c
0x3ab3ac	FUN_003ab3ac
0x3aba78	FUN_003aba78
0x3abae4	FUN_003abae4
0x3abb3c	FUN_003abb3c
0x3abbfc	FUN_003abbfc
0x3abd08	FUN_003abd08
0x3abe58	FUN_003abe58
0x3af708	FUN_003af708
0x3af78c	FUN_003af78c
0x3b32a0	FUN_003b32a0
0x3b3f68	FUN_003b3f68
0x3b3fdc	FUN_003b3fdc
0x3b407c	FUN_003b407c
0x3b5e78	FUN_003b5e78
0x3b623c	FUN_003b623c
0x3b6310	FUN_003b6310
0x3b648c	FUN_003b648c
0x3b6630	FUN_003b6630
0x3b68a0	FUN_003b68a0
0x3b80fc	FUN_003b80fc
0x3b82ac	FUN_003b82ac
0x3b9ea8	FUN_003b9ea8
0x3bb930	FUN_003bb930
0x3bb9d8	FUN_003bb9d8
0x3bf374	FUN_003bf374
0x3bf824	FUN_003bf824
0x3c030c	FUN_003c030c
0x3c0520	FUN_003c0520
0x3c0554	FUN_003c0554
0x3c06dc	FUN_003c06dc
0x3c0740	FUN_003c0740
0x3c3194	FUN_003c3194
0x3c7c00	FUN_003c7c00
0x3c7e80	FUN_003c7e80
0x3c8354	FUN_003c8354
0x3c849c	FUN_003c849c
0x3ca4f8	FUN_003ca4f8
0x3ca6e8	FUN_003ca6e8
0x3cab28	FUN_003cab28
0x3cab90	FUN_003cab90
0x3cc450	FUN_003cc450
0x3cc640	FUN_003cc640
0x3d0e28	FUN_003d0e28
0x3dc294	FUN_003dc294
0x5b121c	FUN_005b121c
0x5b15e0	FUN_005b15e0
0x5d00a4	FUN_005d00a4
0x5d01d4	FUN_005d01d4
0x5d0304	FUN_005d0304
0x5d0434	FUN_005d0434
0x5d0564	FUN_005d0564
0x5d0694	FUN_005d0694
0x5d07c4	FUN_005d07c4
0x5d08f4	FUN_005d08f4
0x5d0a24	FUN_005d0a24
0x5d0b54	FUN_005d0b54
0x5d0c84	FUN_005d0c84
0x5d0db4	FUN_005d0db4
0x5d0ee4	FUN_005d0ee4
0x5d1014	FUN_005d1014
0x5d1144	FUN_005d1144
0x5d1274	FUN_005d1274
0x5d13a4	FUN_005d13a4
0x5d14d4	FUN_005d14d4
0x5d2398	FUN_005d2398
0x5d2508	FUN_005d2508
0x5d2678	FUN_005d2678
0x5d27e8	FUN_005d27e8
0x5d2958	FUN_005d2958
0x5d2ac8	FUN_005d2ac8
0x5d2c38	FUN_005d2c38
0x5d2da8	FUN_005d2da8
0x5d2f18	FUN_005d2f18
0x5d3088	FUN_005d3088
0x5d31f8	FUN_005d31f8
0x5d3368	FUN_005d3368
0x5d34d8	FUN_005d34d8
0x5d3648	FUN_005d3648
0x5d37b8	FUN_005d37b8
0x5d3928	FUN_005d3928
0x5d3a98	FUN_005d3a98
0x5d3c08	FUN_005d3c08
0x5d3d78	FUN_005d3d78
0x5d3ee8	FUN_005d3ee8
0x5d4058	FUN_005d4058
0x5d41c8	FUN_005d41c8
0x5d4338	FUN_005d4338
0x5d44a8	FUN_005d44a8
0x5d4618	FUN_005d4618
0x5d4788	FUN_005d4788
0x5d48f8	FUN_005d48f8
0x5d4a68	FUN_005d4a68
0x5d4ed4	FUN_005d4ed4
0x5f2f40	FUN_005f2f40
0x5f3308	FUN_005f3308
0x5f3734	FUN_005f3734
0x5f38fc	FUN_005f38fc
0x5f4018	FUN_005f4018
0x5f5d84	FUN_005f5d84
0x5f6c2c	FUN_005f6c2c
0x5f85d8	FUN_005f85d8
0x5f9444	FUN_005f9444
0x5f9728	FUN_005f9728
0x5f9ac4	FUN_005f9ac4
0x5f9c30	FUN_005f9c30
0x5fa060	FUN_005fa060
0x5fa6c0	FUN_005fa6c0
0x5fa95c	FUN_005fa95c
0x5faa90	FUN_005faa90
0x5fad20	FUN_005fad20
0x5faea8	FUN_005faea8
0x5fb8b0	FUN_005fb8b0
0x5fdcf8	FUN_005fdcf8
0x5fe418	FUN_005fe418
0x5fe730	FUN_005fe730
0x5fed1c	FUN_005fed1c
0x5fedd0	FUN_005fedd0
0x5ff458	FUN_005ff458
0x5ff698	FUN_005ff698
0x6009a8	FUN_006009a8
0x600ae0	FUN_00600ae0
0x601880	FUN_00601880
0x601994	FUN_00601994
0x601c10	FUN_00601c10
0x601edc	FUN_00601edc
0x606904	FUN_00606904
0x606fe8	FUN_00606fe8
0x6073fc	FUN_006073fc
0x60b860	FUN_0060b860
0x60b888	FUN_0060b888
0x60b8c8	FUN_0060b8c8
0x60b9b8	FUN_0060b9b8
0x60bacc	FUN_0060bacc
0x60c2a8	FUN_0060c2a8
0x60c6cc	FUN_0060c6cc
0x60cc80	FUN_0060cc80
0x60cf68	FUN_0060cf68
0x60d8f0	FUN_0060d8f0
0x60d9a4	FUN_0060d9a4
0x60da04	FUN_0060da04
0x60da64	FUN_0060da64
0x60dac4	FUN_0060dac4
0x60dbb4	FUN_0060dbb4
0x60dc44	FUN_0060dc44
0x60dd40	FUN_0060dd40
0x60dea0	FUN_0060dea0
0x60e368	FUN_0060e368
0x60e4c8	FUN_0060e4c8
